{
	"system" : {
		"platform" : "windows64",
		"os_name" : "Windows 10",
		"os_version" : "10.0"
	},
	"error" : {
		"executable" : "quartus_map",
		"comment" : "not_applicable",
		"error_message" : "temp_cap_inst",
		"source_file" : "/quartus/synth/qsyn/qsyn_cmd.cpp",
		"line" : "3305",
		"stack_trace" : "\t0x7ff731512e12: quartus_map + 0x22e12 (?write_qic_databases@QSYN_FRAMEWORK@@AEAA_N_N@Z + 0x542)\n\t0x7ff731511f44: quartus_map + 0x21f44 (?write_databases@QSYN_FRAMEWORK@@UEAA_N_N@Z + 0x114)\n\t0x7fffe5d91378: comp_qexe + 0x11378 (qexe_do_normal + 0x2a8)\n\t0x7fffe5d96142: comp_qexe + 0x16142 (qexe_run + 0x432)\n\t0x7fffe5d96e51: comp_qexe + 0x16e51 (?qexe_standard_main@@YAHPEAVQEXE_FRAMEWORK@@PEAPEBUQEXE_OPTION_DEFINITION@@HPEAPEBD@Z + 0xc1)\n\t0x7ff73150b08b: quartus_map + 0x1b08b (?qsyn_main@@YAHHPEAPEBD@Z + 0x51b)\n\t0x7ff83bbc2e98: CCL_MSG + 0x12e98 (?msg_main_thread@@YAPEAXPEAX@Z + 0x18)\n\t0x7ff83bbc467e: CCL_MSG + 0x1467e (?msg_thread_wrapper@@YAPEAXP6APEAXPEAX@Z0@Z + 0x6e)\n\t0x7ff83bcc6660: ccl_mem + 0x16660 (?mem_thread_wrapper@@YAPEAXP6APEAXPEAX@Z0@Z + 0x70)\n\t0x7ff83bbc2761: CCL_MSG + 0x12761 (?msg_exe_main@@YAHHPEAPEBDP6AHH0@Z@Z + 0xa1)\n\t0x7ff731519872: quartus_map + 0x29872 (__tmainCRTStartup + 0x10e)\n\t0x7ff84c487343: KERNEL32 + 0x17343 (BaseThreadInitThunk + 0x13)\n\t0x7ff84cf426b0: ntdll + 0x526b0 (RtlUserThreadStart + 0x20)\n",
		"subsystem" : "QSYN"
	},
	"quartus" : {
		"quartus_bits" : "64",
		"version" : "18.1.0",
		"build" : "625",
		"edition" : "Lite Edition"
	}
}