<?xml version="1.0" encoding="UTF-8"?>
<preferences>
 <debug showDebugMenu="0" />
 <systemtable filter="All Interfaces">
  <columns>
   <connections preferredWidth="191" />
   <irq preferredWidth="47" />
   <name preferredWidth="178" />
  </columns>
 </systemtable>
 <library
   expandedCategories="Library/Processors and Peripherals,Library/Interface Protocols/PCI Express/QSYS Example Designs,Library/Processors and Peripherals/Peripherals,Library/Interface Protocols/PCI Express,Library,Library/Interface Protocols,Project" />
 <window width="1754" height="1037" x="-7" y="0" />
 <generation block_symbol_file="0" />
</preferences>
