<?xml version="1.0" encoding="UTF-8"?>
<preferences>
 <debug showDebugMenu="0" />
 <systemtable filter="All Interfaces">
  <columns>
   <connections preferredWidth="191" />
   <irq preferredWidth="47" />
   <name preferredWidth="178" />
  </columns>
 </systemtable>
 <library
   expandedCategories="Library/Interface Protocols/PCI Express,Library,Project,Library/Interface Protocols,Library/Processors and Peripherals/Peripherals,Library/Processors and Peripherals,Library/Interface Protocols/PCI Express/QSYS Example Designs" />
 <window width="1936" height="1056" x="-8" y="-8" />
 <generation block_symbol_file="0" />
</preferences>
