<?xml version="1.0" encoding="UTF-8"?>
<preferences>
 <debug showDebugMenu="0" />
 <systemtable filter="All Interfaces">
  <columns>
   <connections preferredWidth="287" />
   <irq preferredWidth="79" />
  </columns>
 </systemtable>
 <library
   expandedCategories="Project,Library,Library/Interface Protocols/PCI Express,Library/Interface Protocols,Library/Processors and Peripherals/Peripherals,Library/Processors and Peripherals,Library/Interface Protocols/PCI Express/QSYS Example Designs" />
 <window width="1920" height="1040" x="0" y="0" />
</preferences>
